depth [m],conductivity [S/m]
7,4.67284e-06
8,4.65953e-06
9,4.62354e-06
10,4.70394e-06
11,4.63644e-06
12,5.23804e-06
13,4.85688e-06
14,4.52439e-06
15,4.40394e-06
16,4.44939e-06
17,4.40844e-06
18,4.19e-06
19,4.1763e-06
20,4.6658e-06
21,5.08001e-06
22,4.63309e-06
23,5.4567e-06
24,4.9833e-06
25,5.21849e-06
26,5.38296e-06
27,5.88916e-06
28,5.60382e-06
29,6.59088e-06
30,7.92763e-06
31,6.18611e-06
32,6.13467e-06
33,6.72599e-06
34,6.74996e-06
35,6.44671e-06
36,7.03118e-06
37,9.10761e-06
38,8.77708e-06
39,7.43559e-06
40,6.74747e-06
41,7.76326e-06
42,6.91401e-06
43,6.96579e-06
44,7.54688e-06
45,7.69587e-06
46,7.81089e-06
47,8.37753e-06
48,7.71379e-06
49,8.02087e-06
50,8.4863e-06
51,8.65462e-06
52,8.45097e-06
53,8.44788e-06
54,8.75046e-06
55,8.1747e-06
56,8.18804e-06
57,7.86525e-06
58,8.94068e-06
59,9.04757e-06
60,1.2076e-05
61,8.24364e-06
62,8.80184e-06
63,8.66101e-06
64,8.76483e-06
65,9.07388e-06
66,8.5038e-06
67,9.72005e-06
68,8.80856e-06
69,1.06453e-05
70,8.64863e-06
71,9.39389e-06
72,9.65443e-06
73,1.02556e-05
74,1.00118e-05
75,1.05079e-05
76,1.13911e-05
77,1.14454e-05
78,1.07063e-05
79,1.03914e-05
80,1.06284e-05
81,1.19507e-05
82,1.09391e-05
83,1.1268e-05
84,1.13951e-05
85,1.20466e-05
86,1.15489e-05
87,1.16811e-05
88,1.07712e-05
89,1.05892e-05
90,1.13587e-05
91,1.27917e-05
92,1.02261e-05
93,1.13547e-05
94,1.25979e-05
95,1.19865e-05
96,1.18384e-05
97,1.41659e-05
98,1.19631e-05
99,1.18472e-05
100,1.38527e-05
101,1.15618e-05
102,1.44172e-05
103,1.13519e-05
104,1.41002e-05
105,1.28698e-05
106,1.33538e-05
107,1.40301e-05
108,1.21558e-05
109,1.16298e-05
110,1.15125e-05
111,1.29648e-05
112,1.30339e-05
113,1.22781e-05
114,1.42588e-05
115,1.30497e-05
116,1.22103e-05
117,1.24522e-05
118,1.26205e-05
119,1.2494e-05
120,1.40508e-05
121,1.28277e-05
122,1.34965e-05
123,1.19973e-05
124,1.11897e-05
125,1.35811e-05
126,1.31231e-05
127,1.35278e-05
128,1.27628e-05
129,1.25647e-05
130,1.26942e-05
131,1.66668e-05
132,1.67053e-05
133,1.52905e-05
134,1.40952e-05
135,1.46021e-05
136,1.32607e-05
137,1.30728e-05
138,1.29611e-05
139,1.28506e-05
140,1.51753e-05
141,1.42122e-05
142,1.82616e-05
143,1.61392e-05
144,1.43129e-05
145,1.39579e-05
146,1.3431e-05
147,1.32408e-05
148,1.44639e-05
149,1.77352e-05
150,1.31902e-05
151,1.30415e-05
152,1.26966e-05
153,1.32255e-05
154,1.23815e-05
155,1.43277e-05
156,1.41721e-05
157,1.53572e-05
158,1.36786e-05
159,1.31463e-05
160,1.4033e-05
161,1.21172e-05
162,1.25154e-05
163,1.51163e-05
164,1.39014e-05
165,1.3038e-05
166,1.24735e-05
167,1.41604e-05
168,1.2398e-05
169,1.40018e-05
170,1.414e-05
171,1.33365e-05
172,1.36278e-05
173,1.31833e-05
174,1.3189e-05
175,1.43707e-05
176,1.27739e-05
177,1.23203e-05
178,1.23901e-05
179,1.28895e-05
180,1.41226e-05
181,1.30369e-05
182,1.21251e-05
183,1.3363e-05
184,1.19337e-05
185,1.39431e-05
186,1.52446e-05
187,1.35046e-05
188,1.35732e-05
189,1.34774e-05
190,1.45337e-05
191,1.31838e-05
192,1.3302e-05
193,1.36517e-05
194,1.45861e-05
195,1.3829e-05
196,1.33718e-05
197,1.29361e-05
198,1.36005e-05
199,1.39038e-05
200,1.31038e-05
201,1.29391e-05
202,1.3434e-05
203,1.31794e-05
204,1.48794e-05
205,1.40404e-05
206,1.34817e-05
207,1.54991e-05
208,1.37089e-05
209,1.65302e-05
210,1.81662e-05
211,1.41148e-05
212,1.29686e-05
213,1.32606e-05
214,1.83556e-05
215,1.33834e-05
216,1.78843e-05
217,1.38411e-05
218,1.35781e-05
219,1.73507e-05
220,1.44284e-05
221,1.47148e-05
222,1.33939e-05
223,1.60596e-05
224,1.40903e-05
225,1.37789e-05
226,1.34931e-05
227,1.31999e-05
228,1.30581e-05
229,1.37247e-05
230,1.32365e-05
231,1.38301e-05
232,1.40431e-05
233,1.69123e-05
234,1.72179e-05
235,1.59671e-05
236,1.50277e-05
237,1.51638e-05
238,1.38041e-05
239,1.38008e-05
240,1.32842e-05
241,1.52838e-05
242,1.50795e-05
243,1.85134e-05
244,1.57223e-05
245,1.45737e-05
246,1.57631e-05
247,1.54406e-05
248,1.38608e-05
249,1.68599e-05
250,1.63158e-05
251,1.4778e-05
252,1.37421e-05
253,1.38732e-05
254,1.51631e-05
255,1.36931e-05
256,1.40232e-05
257,1.35084e-05
258,1.29452e-05
259,1.70356e-05
260,1.4168e-05
261,1.45547e-05
262,1.37413e-05
263,1.63154e-05
264,1.58514e-05
265,1.40657e-05
266,1.38285e-05
267,1.41346e-05
268,1.44035e-05
269,1.35795e-05
270,1.71593e-05
271,1.41284e-05
272,1.33237e-05
273,1.45898e-05
274,1.26005e-05
275,1.44661e-05
276,1.47696e-05
277,1.5603e-05
278,1.49937e-05
279,1.47528e-05
280,1.39026e-05
281,1.51128e-05
282,1.80007e-05
283,1.78507e-05
284,1.90411e-05
285,1.58009e-05
286,1.46906e-05
287,1.59889e-05
288,1.57582e-05
289,1.60442e-05
290,1.91693e-05
291,2.1034e-05
292,1.74893e-05
293,1.9063e-05
294,1.95279e-05
295,1.70889e-05
296,1.66607e-05
297,1.58581e-05
298,1.46268e-05
299,1.45238e-05
300,1.43306e-05
301,1.50669e-05
302,1.86818e-05
303,1.81367e-05
304,1.99582e-05
305,1.85965e-05
306,2.03636e-05
307,1.92144e-05
308,1.75708e-05
309,1.72651e-05
310,1.55695e-05
311,1.51064e-05
312,1.42317e-05
313,1.70749e-05
314,1.55496e-05
315,1.78958e-05
316,1.79794e-05
317,1.52655e-05
318,1.56684e-05
319,1.61116e-05
320,1.47233e-05
321,2.06572e-05
322,1.82265e-05
323,1.5182e-05
324,1.67289e-05
325,1.95249e-05
326,1.81132e-05
327,1.81161e-05
328,1.77212e-05
329,1.74178e-05
330,1.74599e-05
331,1.7453e-05
332,1.8641e-05
333,1.76778e-05
334,1.63441e-05
335,1.77748e-05
336,2.15641e-05
337,2.16119e-05
338,1.96026e-05
339,2.14371e-05
340,1.99286e-05
341,1.84282e-05
342,1.99851e-05
343,2.04442e-05
344,2.16877e-05
345,2.25177e-05
346,2.01134e-05
347,1.9081e-05
348,1.84502e-05
349,1.79258e-05
350,2.02793e-05
351,1.87951e-05
352,1.98859e-05
353,2.06865e-05
354,1.634e-05
355,1.74986e-05
356,2.03037e-05
357,1.83602e-05
358,1.48107e-05
359,1.584e-05
360,1.58025e-05
361,1.47523e-05
362,1.45656e-05
363,1.32061e-05
364,1.64058e-05
365,1.55606e-05
366,1.46856e-05
367,1.35441e-05
368,1.26275e-05
369,1.27894e-05
370,1.29701e-05
371,1.30468e-05
372,1.42186e-05
373,1.31051e-05
374,1.13433e-05
375,1.34569e-05
376,1.22467e-05
377,1.14183e-05
378,1.15987e-05
379,1.15066e-05
380,1.1243e-05
381,1.21509e-05
382,1.12078e-05
383,1.17107e-05
384,1.10182e-05
385,1.18654e-05
386,1.26065e-05
387,1.64476e-05
388,1.24792e-05
389,1.81068e-05
390,1.29269e-05
391,1.19643e-05
392,1.21572e-05
393,1.51285e-05
394,1.36913e-05
395,1.35653e-05
396,1.23655e-05
397,1.3308e-05
398,1.54105e-05
399,1.32945e-05
400,1.50723e-05
401,1.09939e-05
402,1.25139e-05
403,1.42765e-05
404,1.35773e-05
405,1.30662e-05
406,1.24104e-05
407,1.15238e-05
408,1.35949e-05
409,1.23047e-05
410,1.20179e-05
411,1.20632e-05
412,1.18913e-05
413,1.29779e-05
414,1.27885e-05
415,1.25074e-05
416,1.24897e-05
417,1.24475e-05
418,1.29538e-05
419,1.17429e-05
420,1.36833e-05
421,1.23186e-05
422,1.21351e-05
423,1.18976e-05
424,1.21766e-05
425,1.36325e-05
426,1.47715e-05
427,1.59117e-05
428,1.68716e-05
429,1.57971e-05
430,1.73543e-05
431,1.41999e-05
432,1.47546e-05
433,1.19869e-05
434,1.31828e-05
435,1.39514e-05
436,1.2117e-05
437,1.24222e-05
438,1.70144e-05
439,1.30499e-05
440,1.2345e-05
441,1.31365e-05
442,1.38006e-05
443,1.44365e-05
444,1.43552e-05
445,1.60976e-05
446,1.64099e-05
447,1.64906e-05
448,1.40176e-05
449,1.65808e-05
450,2.07405e-05
451,2.00942e-05
452,2.06526e-05
453,2.05637e-05
454,2.28754e-05
455,1.67482e-05
456,1.66991e-05
457,1.5636e-05
458,1.52219e-05
459,1.70163e-05
460,1.74948e-05
461,1.84874e-05
462,1.82258e-05
463,1.7904e-05
464,1.55562e-05
465,1.8221e-05
466,1.64986e-05
467,1.76505e-05
468,1.96471e-05
469,1.56011e-05
470,1.62443e-05
471,1.95515e-05
472,1.84343e-05
473,1.70387e-05
474,1.62475e-05
475,1.62156e-05
476,1.59437e-05
477,1.57591e-05
478,1.55329e-05
479,1.55841e-05
480,1.58306e-05
481,1.72907e-05
482,2.01638e-05
483,1.71913e-05
484,1.60045e-05
485,1.69007e-05
486,1.84489e-05
487,1.82564e-05
488,1.61235e-05
489,1.65663e-05
490,1.75355e-05
491,1.68361e-05
492,1.4171e-05
493,1.72901e-05
494,1.54405e-05
495,1.63232e-05
496,1.72434e-05
497,1.68646e-05
498,1.58909e-05
499,1.57985e-05
500,1.53058e-05
501,1.55763e-05
502,1.63457e-05
503,1.6042e-05
504,1.49206e-05
505,1.56061e-05
506,1.5934e-05
507,1.66973e-05
508,1.6707e-05
509,1.57289e-05
510,1.7671e-05
511,1.51204e-05
512,1.66009e-05
513,1.76763e-05
514,1.65842e-05
515,1.71054e-05
516,1.53531e-05
517,1.63312e-05
518,1.78472e-05
519,1.66137e-05
520,1.70911e-05
521,1.77396e-05
522,1.71491e-05
523,1.59587e-05
524,1.57948e-05
525,1.59933e-05
526,1.56432e-05
527,1.58928e-05
528,1.69526e-05
529,1.72477e-05
530,1.65605e-05
531,1.61316e-05
532,1.63154e-05
533,1.64918e-05
534,1.63571e-05
535,1.53475e-05
536,1.75096e-05
537,1.70052e-05
538,1.61997e-05
539,1.61911e-05
540,1.82162e-05
541,1.7549e-05
542,2.05298e-05
543,1.58885e-05
544,1.84128e-05
545,1.93395e-05
546,1.77929e-05
547,1.76633e-05
548,1.65922e-05
549,2.00266e-05
550,1.61794e-05
551,1.74573e-05
552,1.69923e-05
553,1.83753e-05
554,1.68715e-05
555,1.64427e-05
556,1.5208e-05
557,1.59759e-05
558,1.7132e-05
559,1.59913e-05
560,1.80998e-05
561,1.59723e-05
562,1.66025e-05
563,1.54028e-05
564,1.98522e-05
565,1.95504e-05
566,1.55049e-05
567,1.68697e-05
568,1.71517e-05
569,1.48635e-05
570,1.67475e-05
571,1.49532e-05
572,1.49524e-05
573,1.4619e-05
574,1.65162e-05
575,1.60528e-05
576,1.47643e-05
577,1.12998e-05
578,1.37039e-05
579,1.83607e-05
580,1.70254e-05
581,1.56587e-05
582,1.80775e-05
583,1.69799e-05
584,1.71478e-05
585,1.6045e-05
586,1.90401e-05
587,1.86065e-05
588,1.68629e-05
589,1.63413e-05
590,1.52685e-05
591,1.46106e-05
592,1.50579e-05
593,1.65825e-05
594,1.67021e-05
595,1.61197e-05
596,1.49127e-05
597,1.58452e-05
598,1.43847e-05
599,1.83118e-05
600,1.60416e-05
601,1.54323e-05
602,1.61018e-05
603,1.53111e-05
604,1.49977e-05
605,1.72936e-05
606,1.68585e-05
607,1.61413e-05
608,1.74017e-05
609,1.73603e-05
610,1.71377e-05
611,1.72553e-05
612,1.59065e-05
613,1.93603e-05
614,1.57872e-05
615,1.65249e-05
616,1.80648e-05
617,1.56768e-05
618,1.68585e-05
619,1.55628e-05
620,1.43207e-05
621,1.49391e-05
622,1.50343e-05
623,1.64396e-05
624,1.48712e-05
625,1.5382e-05
626,1.56579e-05
627,1.78367e-05
628,1.53798e-05
629,1.60054e-05
630,1.55079e-05
631,1.56696e-05
632,2.07863e-05
633,1.50722e-05
634,1.41e-05
635,1.36041e-05
636,1.53521e-05
637,1.32846e-05
638,1.46882e-05
639,1.42922e-05
640,1.34691e-05
641,1.33219e-05
642,1.56652e-05
643,1.64058e-05
644,1.62646e-05
645,1.71279e-05
646,1.9259e-05
647,1.51155e-05
648,1.63819e-05
649,1.31157e-05
650,1.4172e-05
651,1.41086e-05
652,1.64967e-05
653,1.68603e-05
654,1.70768e-05
655,1.48876e-05
656,1.56773e-05
657,1.42591e-05
658,1.63038e-05
659,1.514e-05
660,1.71937e-05
661,1.81253e-05
662,1.6854e-05
663,1.57299e-05
664,1.4976e-05
665,1.51188e-05
666,1.6684e-05
667,1.4618e-05
668,1.62559e-05
669,1.32773e-05
670,1.66525e-05
671,1.63436e-05
672,1.5574e-05
673,1.60582e-05
674,1.34003e-05
675,1.54314e-05
676,1.31302e-05
677,1.80355e-05
678,1.43073e-05
679,1.55518e-05
680,1.4003e-05
681,1.30737e-05
682,1.27731e-05
683,1.404e-05
684,1.31472e-05
685,1.53486e-05
686,1.29544e-05
687,1.61586e-05
688,1.3146e-05
689,1.61526e-05
690,1.23673e-05
691,1.47095e-05
692,1.24636e-05
693,1.56207e-05
694,1.30749e-05
695,1.30256e-05
696,1.37654e-05
697,1.54667e-05
698,1.21666e-05
699,1.6878e-05
700,1.22814e-05
701,1.75975e-05
702,1.23641e-05
703,1.37859e-05
704,1.30247e-05
705,1.2921e-05
706,1.26796e-05
707,1.12534e-05
708,1.07301e-05
709,1.15507e-05
710,1.11605e-05
711,1.24977e-05
712,1.19302e-05
713,1.33676e-05
714,1.04251e-05
715,1.38976e-05
716,1.1176e-05
717,1.59303e-05
718,1.56173e-05
719,1.79789e-05
720,1.43773e-05
721,1.64049e-05
722,1.65089e-05
723,1.807e-05
724,1.83066e-05
725,1.55853e-05
726,1.70099e-05
727,1.55061e-05
728,1.91895e-05
729,1.62824e-05
730,1.48662e-05
731,1.37925e-05
732,1.4318e-05
733,1.35373e-05
734,1.11919e-05
735,1.57414e-05
736,1.28598e-05
737,1.54868e-05
738,1.78571e-05
739,1.61147e-05
740,1.35488e-05
741,1.77879e-05
742,1.85048e-05
743,1.46397e-05
744,1.19229e-05
745,1.47101e-05
746,1.99935e-05
747,2.02493e-05
748,2.07337e-05
749,1.95737e-05
750,1.85599e-05
751,1.7684e-05
752,1.98917e-05
753,1.70621e-05
754,1.89022e-05
755,2.02833e-05
756,1.44347e-05
757,1.44365e-05
758,1.5277e-05
759,1.8136e-05
760,2.27719e-05
761,1.25376e-05
762,1.92278e-05
763,1.83761e-05
764,2.01014e-05
765,2.22462e-05
766,1.58456e-05
767,1.85196e-05
768,1.44708e-05
769,1.46232e-05
770,1.96906e-05
771,1.80227e-05
772,1.70113e-05
773,1.65357e-05
774,1.58204e-05
775,1.42402e-05
776,1.3098e-05
777,1.77725e-05
778,2.13883e-05
779,1.31968e-05
780,1.34919e-05
781,1.48896e-05
782,1.35397e-05
783,1.50064e-05
784,1.37863e-05
785,1.34449e-05
786,1.34335e-05
787,1.77709e-05
788,1.27314e-05
789,1.55607e-05
790,1.6026e-05
791,1.57937e-05
792,1.68298e-05
793,1.34828e-05
794,1.82937e-05
795,1.39119e-05
796,1.16426e-05
797,1.34627e-05
798,1.41399e-05
799,1.58925e-05
800,1.25517e-05
801,1.51986e-05
802,1.29404e-05
803,1.70276e-05
804,1.60673e-05
805,1.64771e-05
806,1.84879e-05
807,1.74109e-05
808,2.03637e-05
809,1.4593e-05
810,1.33285e-05
811,1.28972e-05
812,1.38885e-05
813,1.40326e-05
814,1.39849e-05
815,1.88672e-05
816,1.67375e-05
817,2.05834e-05
818,1.88963e-05
819,2.26082e-05
820,1.93989e-05
821,1.79641e-05
822,1.81252e-05
823,1.73919e-05
824,1.6616e-05
825,1.91378e-05
826,1.79707e-05
827,1.85862e-05
828,2.06715e-05
829,2.04772e-05
830,1.92624e-05
831,1.93267e-05
832,1.99892e-05
833,1.82702e-05
834,1.94299e-05
835,2.11931e-05
836,1.7009e-05
837,2.27533e-05
838,1.74351e-05
839,1.38817e-05
840,2.11592e-05
841,1.87998e-05
842,1.42925e-05
843,1.31639e-05
844,1.64024e-05
845,1.9395e-05
846,2.03567e-05
847,1.85007e-05
848,2.21213e-05
849,1.6998e-05
850,1.83728e-05
851,1.76969e-05
852,1.85424e-05
853,1.50849e-05
854,1.48881e-05
855,1.27497e-05
856,1.60013e-05
857,1.90361e-05
858,1.41521e-05
859,1.93486e-05
860,2.16459e-05
861,1.51478e-05
862,1.41847e-05
863,1.55732e-05
864,1.35593e-05
865,1.30974e-05
866,1.58543e-05
867,1.84959e-05
868,1.70921e-05
869,1.28826e-05
870,1.57563e-05
871,1.80365e-05
872,1.40381e-05
873,1.33228e-05
874,1.69556e-05
875,1.40864e-05
876,1.39305e-05
877,1.58053e-05
878,1.29697e-05
879,1.34838e-05
880,1.47669e-05
881,1.48427e-05
882,1.62533e-05
883,1.25116e-05
884,1.28632e-05
885,1.41114e-05
886,1.48996e-05
887,1.47025e-05
888,1.50707e-05
889,1.35246e-05
890,1.35131e-05
891,1.63859e-05
892,1.27977e-05
893,1.55658e-05
894,1.97978e-05
895,1.69558e-05
896,1.52302e-05
897,1.40502e-05
898,1.57624e-05
899,1.5902e-05
900,1.73312e-05
901,1.85596e-05
902,1.71762e-05
903,1.39262e-05
904,1.6382e-05
905,1.71835e-05
906,1.84273e-05
907,1.83882e-05
908,1.58383e-05
909,1.62639e-05
910,1.72777e-05
911,1.70845e-05
912,1.42217e-05
913,1.95456e-05
914,2.05139e-05
915,1.55171e-05
916,1.46246e-05
917,1.56955e-05
918,1.22103e-05
919,1.7008e-05
920,1.42217e-05
921,1.6673e-05
922,1.3419e-05
923,1.47638e-05
924,1.30338e-05
925,1.41754e-05
926,1.45952e-05
927,1.69597e-05
928,1.55848e-05
929,1.99797e-05
930,1.35521e-05
931,1.38634e-05
932,1.3286e-05
933,1.44569e-05
934,1.35114e-05
935,1.27844e-05
936,1.19506e-05
937,1.3501e-05
938,1.38865e-05
939,1.41336e-05
940,1.29241e-05
941,1.86638e-05
942,1.22906e-05
943,1.17835e-05
944,1.07155e-05
945,1.49584e-05
946,1.32103e-05
947,1.17817e-05
948,1.4045e-05
949,1.21847e-05
950,1.37216e-05
951,1.21453e-05
952,1.45183e-05
953,1.459e-05
954,1.3582e-05
955,1.31494e-05
956,1.31629e-05
957,1.38898e-05
958,1.35857e-05
959,1.7119e-05
960,1.34289e-05
961,1.7594e-05
962,1.60284e-05
963,1.50498e-05
964,1.83417e-05
965,1.7275e-05
966,1.49263e-05
967,1.51404e-05
968,1.56489e-05
969,1.40956e-05
970,1.58275e-05
971,1.53406e-05
972,1.37295e-05
973,1.43184e-05
974,1.62014e-05
975,1.46018e-05
976,1.80527e-05
977,1.71714e-05
978,1.4682e-05
979,1.43894e-05
980,1.52524e-05
981,1.36522e-05
982,1.32773e-05
983,1.50986e-05
984,1.5445e-05
985,1.70472e-05
986,1.54785e-05
987,1.49703e-05
988,1.50741e-05
989,1.50076e-05
990,1.50856e-05
991,1.65615e-05
992,1.58083e-05
993,1.6254e-05
994,1.40924e-05
995,1.26026e-05
996,1.48912e-05
997,1.42436e-05
998,1.66534e-05
999,1.47159e-05
1000,1.40306e-05
1001,1.46034e-05
1002,1.65604e-05
1003,1.58232e-05
1004,1.51403e-05
1005,1.76807e-05
1006,1.55311e-05
1007,1.50901e-05
1008,1.50348e-05
1009,1.54731e-05
1010,1.78e-05
1011,1.42893e-05
1012,1.42752e-05
1013,1.57022e-05
1014,1.70953e-05
1015,1.60632e-05
1016,1.42438e-05
1017,1.46322e-05
1018,1.4245e-05
1019,1.88173e-05
1020,1.56334e-05
1021,1.52929e-05
1022,1.53087e-05
1023,1.63031e-05
1024,1.41777e-05
1025,1.57982e-05
1026,1.59363e-05
1027,1.64594e-05
1028,1.47578e-05
1029,1.58459e-05
1030,1.54531e-05
1031,1.6549e-05
1032,1.6972e-05
1033,1.59485e-05
1034,1.59448e-05
1035,1.48063e-05
1036,1.54417e-05
1037,1.62828e-05
1038,1.44989e-05
1039,1.44718e-05
1040,1.49817e-05
1041,1.84452e-05
1042,1.92412e-05
1043,1.7372e-05
1044,1.58121e-05
1045,1.55435e-05
1046,1.87389e-05
1047,1.54074e-05
1048,1.23752e-05
1049,1.42563e-05
1050,1.24034e-05
1051,1.40626e-05
1052,1.25059e-05
1053,1.29398e-05
1054,1.20238e-05
1055,1.25641e-05
1056,1.2917e-05
1057,1.2749e-05
1058,1.24608e-05
1059,1.02597e-05
1060,1.13349e-05
1061,1.23426e-05
1062,1.26296e-05
1063,1.30961e-05
1064,1.36724e-05
1065,1.53154e-05
1066,1.05661e-05
1067,1.10201e-05
1068,1.15413e-05
1069,1.09407e-05
1070,1.33998e-05
1071,1.36029e-05
1072,1.11311e-05
1073,1.10746e-05
1074,1.22007e-05
1075,1.23573e-05
1076,1.23894e-05
1077,1.1678e-05
1078,1.51944e-05
1079,1.40265e-05
1080,1.33266e-05
1081,1.52073e-05
1082,1.21876e-05
1083,1.05846e-05
1084,1.30666e-05
1085,1.24607e-05
1086,1.16935e-05
1087,1.0927e-05
1088,1.35388e-05
1089,1.19609e-05
1090,1.26102e-05
1091,1.12862e-05
1092,1.34297e-05
1093,1.1122e-05
1094,1.08312e-05
1095,1.18608e-05
1096,1.27635e-05
1097,1.1584e-05
1098,1.32596e-05
1099,1.42785e-05
1100,1.34685e-05
1101,1.37529e-05
1102,1.17026e-05
1103,1.10059e-05
1104,1.07866e-05
1105,1.27512e-05
1106,1.06136e-05
1107,1.13716e-05
1108,1.23913e-05
1109,1.24796e-05
1110,1.2871e-05
1111,1.43678e-05
1112,1.54654e-05
1113,1.28346e-05
1114,1.46904e-05
1115,1.75293e-05
1116,1.24585e-05
1117,1.57577e-05
1118,1.15223e-05
1119,1.31903e-05
1120,1.42653e-05
1121,1.24606e-05
1122,1.14262e-05
1123,1.2522e-05
1124,1.27073e-05
1125,1.26896e-05
1126,1.22925e-05
1127,1.30255e-05
1128,1.11656e-05
1129,1.17847e-05
1130,1.32366e-05
1131,1.49879e-05
1132,1.2532e-05
1133,1.3165e-05
1134,1.38714e-05
1135,1.29594e-05
1136,1.28747e-05
1137,1.2587e-05
1138,1.26024e-05
1139,1.12911e-05
1140,1.21485e-05
1141,1.7079e-05
1142,1.36102e-05
1143,1.23437e-05
1144,1.44432e-05
1145,1.38238e-05
1146,1.32708e-05
1147,1.46714e-05
1148,1.29121e-05
1149,1.22926e-05
1150,1.1934e-05
1151,1.39725e-05
1152,1.35649e-05
1153,1.38245e-05
1154,1.18636e-05
1155,1.24819e-05
1156,1.42959e-05
1157,1.37607e-05
1158,1.31384e-05
1159,1.21431e-05
1160,1.23149e-05
1161,1.35733e-05
1162,1.3267e-05
1163,1.44668e-05
1164,1.44237e-05
1165,1.37877e-05
1166,1.29826e-05
1167,1.28003e-05
1168,1.31617e-05
1169,1.61915e-05
1170,1.34325e-05
1171,1.18278e-05
1172,1.41166e-05
1173,1.42705e-05
1174,1.32699e-05
1175,1.45586e-05
1176,1.55903e-05
1177,1.36724e-05
1178,1.21754e-05
1179,1.39849e-05
1180,1.37249e-05
1181,1.41625e-05
1182,1.41795e-05
1183,1.28937e-05
1184,1.40277e-05
1185,1.31563e-05
1186,1.30772e-05
1187,1.2898e-05
1188,1.5067e-05
1189,1.37572e-05
1190,1.36568e-05
1191,1.50302e-05
1192,1.43969e-05
1193,1.41832e-05
1194,1.48785e-05
1195,1.3383e-05
1196,1.48875e-05
1197,1.53729e-05
1198,1.43641e-05
1199,1.47493e-05
1200,1.36068e-05
1201,1.24443e-05
1202,1.13234e-05
1203,1.2427e-05
1204,1.22274e-05
1205,1.23323e-05
1206,1.39649e-05
1207,1.53305e-05
1208,1.12965e-05
1209,1.20627e-05
1210,1.43479e-05
1211,1.32602e-05
1212,1.20973e-05
1213,1.12244e-05
1214,1.10221e-05
1215,1.26777e-05
1216,1.24578e-05
1217,1.15453e-05
1218,1.20485e-05
1219,1.01219e-05
1220,1.10786e-05
1221,1.0522e-05
1222,1.0558e-05
1223,1.02946e-05
1224,1.2213e-05
1225,1.23129e-05
1226,1.02068e-05
1227,1.1214e-05
1228,1.22421e-05
1229,1.13891e-05
1230,1.19698e-05
1231,1.07949e-05
1232,1.09359e-05
1233,1.41308e-05
1234,1.12271e-05
1235,1.28116e-05
1236,1.23739e-05
1237,1.11387e-05
1238,1.20007e-05
1239,1.40236e-05
1240,1.43328e-05
1241,1.14576e-05
1242,1.35156e-05
1243,1.48772e-05
1244,1.74004e-05
1245,1.77476e-05
1246,1.30274e-05
1247,1.41989e-05
1248,1.36743e-05
1249,1.40172e-05
1250,1.38279e-05
1251,1.19688e-05
1252,1.37945e-05
1253,1.47797e-05
1254,1.37423e-05
1255,1.29663e-05
1256,1.27967e-05
1257,1.29339e-05
1258,1.21926e-05
1259,1.20455e-05
1260,1.16806e-05
1261,1.39478e-05
1262,1.42335e-05
1263,1.22157e-05
1264,1.29165e-05
1265,1.52191e-05
1266,1.32038e-05
1267,1.4174e-05
1268,1.2567e-05
1269,1.37566e-05
1270,1.36315e-05
1271,1.7358e-05
1272,1.15302e-05
1273,1.11027e-05
1274,1.10884e-05
1275,1.03066e-05
1276,1.31588e-05
1277,1.11653e-05
1278,1.1783e-05
1279,1.429e-05
1280,1.08651e-05
1281,1.09782e-05
1282,1.02279e-05
1283,1.22101e-05
1284,1.05158e-05
1285,1.10986e-05
1286,1.21863e-05
1287,1.11547e-05
1288,1.45755e-05
1289,1.16166e-05
1290,1.14835e-05
1291,1.03701e-05
1292,1.19954e-05
1293,1.26024e-05
1294,1.24531e-05
1295,1.24888e-05
1296,1.06563e-05
1297,1.13855e-05
1298,1.13318e-05
1299,1.11812e-05
1300,1.05019e-05
1301,1.17476e-05
1302,1.16871e-05
1303,1.30903e-05
1304,1.21525e-05
1305,1.35739e-05
1306,1.05436e-05
1307,1.06449e-05
1308,1.10704e-05
1309,1.05006e-05
1310,1.04397e-05
1311,1.48957e-05
1312,1.45392e-05
1313,1.13795e-05
1314,1.3735e-05
1315,1.11104e-05
1316,1.37555e-05
1317,1.10131e-05
1318,1.12717e-05
1319,1.04731e-05
1320,1.06691e-05
1321,1.16819e-05
1322,1.27922e-05
1323,1.20668e-05
1324,1.21268e-05
1325,1.07628e-05
1326,1.32219e-05
1327,1.03457e-05
1328,1.14616e-05
1329,1.21938e-05
1330,1.10609e-05
1331,1.18149e-05
1332,1.27569e-05
1333,1.27058e-05
1334,1.19466e-05
1335,1.10597e-05
1336,1.25302e-05
1337,1.13498e-05
1338,1.16643e-05
1339,1.06463e-05
1340,1.21183e-05
1341,1.07769e-05
1342,1.2031e-05
1343,1.68856e-05
1344,1.28697e-05
1345,1.22271e-05
1346,1.17127e-05
1347,1.13475e-05
1348,1.02717e-05
1349,1.28488e-05
1350,1.06154e-05
1351,1.30474e-05
1352,1.19826e-05
1353,1.50281e-05
1354,1.29211e-05
1355,1.07636e-05
1356,1.12249e-05
1357,1.17967e-05
1358,1.2709e-05
1359,1.2886e-05
1360,1.37049e-05
1361,1.32413e-05
1362,1.20742e-05
1363,1.1459e-05
1364,1.25055e-05
1365,1.19773e-05
1366,1.2981e-05
1367,1.27122e-05
1368,1.40771e-05
1369,1.28174e-05
1370,1.42104e-05
1371,1.34498e-05
1372,1.31915e-05
1373,1.42982e-05
1374,1.43789e-05
1375,1.3424e-05
1376,1.2943e-05
1377,1.45494e-05
1378,1.30763e-05
1379,1.28648e-05
1380,1.32784e-05
1381,1.42331e-05
1382,1.46302e-05
1383,1.19495e-05
1384,1.23729e-05
1385,1.28626e-05
1386,1.35309e-05
1387,1.32392e-05
1388,1.30249e-05
1389,1.35449e-05
1390,1.28807e-05
1391,1.37253e-05
1392,1.5018e-05
1393,1.36711e-05
1394,1.80176e-05
1395,1.38768e-05
1396,1.52433e-05
1397,1.17214e-05
1398,1.18915e-05
1399,1.26251e-05
1400,1.46995e-05
1401,1.22456e-05
1402,1.10914e-05
1403,1.32984e-05
1404,1.1979e-05
1405,1.09339e-05
1406,1.15511e-05
1407,1.11656e-05
1408,1.21544e-05
1409,1.1407e-05
1410,1.14209e-05
1411,1.40949e-05
1412,1.76498e-05
1413,1.36009e-05
1414,1.33186e-05
1415,1.18431e-05
1416,1.17183e-05
1417,1.01983e-05
1418,1.28256e-05
1419,1.27768e-05
1420,1.21738e-05
1421,1.19286e-05
1422,1.20679e-05
1423,1.32546e-05
1424,1.37904e-05
1425,1.31631e-05
1426,1.32904e-05
1427,1.6207e-05
1428,1.12858e-05
1429,1.56079e-05
1430,1.38095e-05
1431,1.12321e-05
1432,1.28699e-05
1433,1.2272e-05
1434,1.15078e-05
1435,1.10346e-05
1436,1.2473e-05
1437,1.19956e-05
1438,1.18223e-05
1439,1.27804e-05
1440,1.55651e-05
1441,1.24714e-05
1442,1.05949e-05
1443,1.2678e-05
1444,1.03162e-05
1445,9.95617e-06
1446,1.07017e-05
1447,1.15264e-05
1448,1.43557e-05
1449,1.02779e-05
1450,1.01435e-05
1451,1.30964e-05
1452,1.13371e-05
1453,1.04763e-05
1454,1.09346e-05
1455,1.26863e-05
1456,1.49915e-05
1457,1.29783e-05
1458,1.34609e-05
1459,1.08569e-05
1460,1.11906e-05
1461,1.12207e-05
1462,1.21427e-05
1463,9.95035e-06
1464,1.03792e-05
1465,1.02696e-05
1466,1.17549e-05
1467,1.0752e-05
1468,1.12839e-05
1469,1.00055e-05
1470,1.0705e-05
1471,1.19803e-05
1472,1.14593e-05
1473,1.0225e-05
1474,1.05127e-05
1475,1.03104e-05
1476,9.90651e-06
1477,1.0189e-05
1478,9.87274e-06
1479,1.05977e-05
1480,1.00444e-05
1481,1.40674e-05
1482,9.80101e-06
1483,1.19794e-05
1484,1.15235e-05
1485,1.12361e-05
1486,1.06959e-05
1487,1.13501e-05
1488,9.3042e-06
1489,1.32932e-05
1490,1.11777e-05
1491,1.15448e-05
1492,9.56959e-06
1493,9.49803e-06
1494,1.12034e-05
1495,1.26657e-05
1496,9.63978e-06
1497,1.02792e-05
1498,1.01866e-05
1499,1.06452e-05
1500,1.15942e-05
1501,1.05582e-05
1502,9.6003e-06
1503,1.18751e-05
1504,9.11194e-06
1505,1.06117e-05
1506,1.23951e-05
1507,9.72969e-06
1508,1.07763e-05
1509,1.14583e-05
1510,1.59777e-05
1511,1.59623e-05
1512,1.37999e-05
1513,1.11818e-05
1514,1.09882e-05
1515,1.12931e-05
1516,1.06693e-05
1517,1.05886e-05
1518,1.03197e-05
1519,1.07049e-05
1520,1.13098e-05
1521,1.15228e-05
1522,1.12886e-05
1523,1.20869e-05
1524,1.20947e-05
1525,1.18515e-05
1526,1.26097e-05
1527,1.23886e-05
1528,1.18147e-05
1529,1.10575e-05
1530,1.11594e-05
1531,1.21273e-05
1532,1.23817e-05
1533,1.31278e-05
1534,1.26983e-05
1535,1.18197e-05
1536,1.15104e-05
1537,1.1442e-05
1538,1.22576e-05
1539,1.55146e-05
1540,1.2423e-05
1541,1.41751e-05
1542,1.34555e-05
1543,1.11454e-05
1544,1.22993e-05
1545,1.16381e-05
1546,1.27394e-05
1547,1.26845e-05
1548,1.28677e-05
1549,1.21658e-05
1550,1.21766e-05
1551,1.20466e-05
1552,1.34423e-05
1553,1.23718e-05
1554,1.32632e-05
1555,1.27046e-05
1556,1.1633e-05
1557,1.17036e-05
1558,1.21433e-05
1559,1.27548e-05
1560,1.43265e-05
1561,1.21979e-05
1562,1.39007e-05
1563,1.7739e-05
1564,1.24841e-05
1565,1.35115e-05
1566,1.44203e-05
1567,1.38136e-05
1568,1.39807e-05
1569,1.26029e-05
1570,1.4728e-05
1571,1.39873e-05
1572,1.4549e-05
1573,1.80013e-05
1574,1.52181e-05
1575,1.68028e-05
1576,1.68986e-05
1577,1.72314e-05
1578,1.81868e-05
1579,1.66706e-05
1580,1.77761e-05
1581,1.88027e-05
1582,1.64327e-05
1583,1.70417e-05
1584,1.68741e-05
1585,1.79343e-05
1586,1.77346e-05
1587,1.80583e-05
1588,1.67239e-05
1589,1.66574e-05
1590,1.73124e-05
1591,1.64706e-05
1592,1.59708e-05
1593,1.69314e-05
1594,1.60727e-05
1595,1.69938e-05
1596,1.62762e-05
1597,1.71263e-05
1598,1.69907e-05
1599,1.90287e-05
1600,1.72015e-05
1601,1.70114e-05
1602,1.69775e-05
1603,1.6608e-05
1604,1.75827e-05
1605,1.71277e-05
1606,1.70431e-05
1607,1.75389e-05
1608,1.64456e-05
1609,1.67608e-05
1610,1.70155e-05
1611,1.56998e-05
1612,1.66984e-05
1613,1.69253e-05
1614,1.61412e-05
1615,1.78079e-05
1616,1.78817e-05
1617,1.71281e-05
1618,1.67521e-05
1619,1.69748e-05
1620,1.63588e-05
1621,1.73423e-05
1622,1.74831e-05
1623,1.65752e-05
1624,1.76562e-05
1625,1.66484e-05
1626,1.69289e-05
1627,1.62153e-05
1628,1.71769e-05
1629,1.66472e-05
1630,1.62435e-05
1631,1.87716e-05
1632,1.64745e-05
1633,1.63031e-05
1634,1.67048e-05
1635,1.6224e-05
1636,1.64396e-05
1637,1.77409e-05
1638,1.63165e-05
1639,1.69574e-05
1640,1.68811e-05
1641,1.65919e-05
1642,1.58468e-05
1643,1.66733e-05
1644,1.64e-05
1645,1.63121e-05
1646,1.68619e-05
1647,1.67193e-05
1648,1.64014e-05
1649,1.65206e-05
1650,1.67385e-05
1651,1.69786e-05
1652,1.67257e-05
1653,1.67268e-05
1654,1.711e-05
1655,1.78677e-05
1656,1.68889e-05
1657,1.77917e-05
1658,1.57008e-05
1659,1.63697e-05
1660,1.5615e-05
1661,1.64511e-05
1662,1.56483e-05
1663,1.59841e-05
1664,1.6215e-05
1665,1.54833e-05
1666,1.5922e-05
1667,1.64916e-05
1668,1.65233e-05
1669,1.64716e-05
1670,1.62433e-05
1671,1.61607e-05
1672,1.61332e-05
1673,1.5903e-05
1674,1.53836e-05
1675,1.56149e-05
1676,1.69641e-05
1677,1.55676e-05
1678,1.61035e-05
1679,1.84182e-05
1680,1.70368e-05
1681,1.69365e-05
1682,1.65856e-05
1683,1.69534e-05
1684,2.10284e-05
1685,1.74867e-05
1686,1.61132e-05
1687,1.66107e-05
1688,1.68224e-05
1689,1.70897e-05
1690,1.71791e-05
1691,1.89649e-05
1692,1.66682e-05
1693,1.60309e-05
1694,1.5614e-05
1695,1.58013e-05
1696,1.60129e-05
1697,1.70371e-05
1698,1.59396e-05
1699,1.64079e-05
1700,1.69065e-05
1701,1.62237e-05
1702,1.56962e-05
1703,1.61535e-05
1704,1.58961e-05
1705,1.69018e-05
1706,1.63e-05
1707,1.58615e-05
1708,1.44253e-05
1709,1.68504e-05
1710,1.55553e-05
1711,1.71042e-05
1712,1.66882e-05
1713,1.64918e-05
1714,1.68611e-05
1715,1.61351e-05
1716,1.54615e-05
1717,1.58545e-05
1718,1.41391e-05
1719,1.37972e-05
1720,1.55241e-05
1721,1.57269e-05
1722,1.37567e-05
1723,1.49373e-05
1724,1.73863e-05
1725,1.38363e-05
1726,1.32521e-05
1727,1.54135e-05
1728,1.22235e-05
1729,1.19409e-05
1730,1.26359e-05
1731,1.28634e-05
1732,1.62422e-05
1733,1.35335e-05
1734,1.20532e-05
1735,1.20982e-05
1736,1.15144e-05
1737,1.09885e-05
1738,1.11022e-05
1739,1.0527e-05
1740,1.24335e-05
1741,1.04287e-05
1742,1.03593e-05
1743,9.93778e-06
1744,1.05581e-05
1745,1.10114e-05
1746,1.49016e-05
1747,1.02301e-05
1748,1.19585e-05
1749,1.10254e-05
1750,1.08845e-05
1751,1.05934e-05
1752,1.05799e-05
1753,1.10131e-05
1754,1.50175e-05
1755,1.14143e-05
1756,1.2958e-05
1757,1.39671e-05
1758,1.1982e-05
1759,1.20244e-05
1760,1.29593e-05
1761,1.46602e-05
1762,1.39896e-05
1763,1.45715e-05
1764,1.56337e-05
1765,1.59527e-05
1766,1.5234e-05
1767,1.6231e-05
1768,1.48478e-05
1769,1.66302e-05
1770,1.45531e-05
1771,1.74794e-05
1772,1.63249e-05
1773,1.55567e-05
1774,1.59492e-05
1775,1.51252e-05
1776,1.72052e-05
1777,1.52635e-05
1778,1.43592e-05
1779,1.38845e-05
1780,1.58116e-05
1781,1.63513e-05
1782,1.6361e-05
1783,1.66253e-05
1784,1.3272e-05
1785,1.46595e-05
1786,1.52217e-05
1787,1.56045e-05
1788,1.51277e-05
1789,1.71705e-05
1790,1.43289e-05
1791,1.70752e-05
1792,1.49463e-05
1793,1.41699e-05
1794,1.3528e-05
1795,1.52626e-05
1796,1.3251e-05
1797,1.3206e-05
1798,1.59405e-05
1799,1.72917e-05
1800,1.49684e-05
1801,1.51512e-05
1802,1.55225e-05
1803,1.53983e-05
1804,1.41495e-05
1805,1.62439e-05
1806,1.50595e-05
1807,1.60638e-05
1808,1.38497e-05
1809,1.51569e-05
1810,1.62381e-05
1811,1.34302e-05
1812,1.14103e-05
1813,1.55006e-05
1814,1.478e-05
1815,1.39064e-05
1816,1.4458e-05
1817,1.35431e-05
1818,1.63296e-05
1819,1.66454e-05
1820,1.60285e-05
1821,1.43868e-05
1822,1.47461e-05
1823,1.36091e-05
1824,1.40327e-05
1825,1.53009e-05
1826,1.27531e-05
1827,1.12646e-05
1828,1.37443e-05
1829,1.51282e-05
1830,1.60285e-05
1831,1.57965e-05
1832,1.16527e-05
1833,1.38175e-05
1834,1.1851e-05
1835,1.22144e-05
1836,1.1426e-05
1837,1.20564e-05
1838,1.25003e-05
1839,1.35914e-05
1840,9.77088e-06
1841,1.23696e-05
1842,1.11136e-05
1843,1.13975e-05
1844,1.24666e-05
1845,1.58887e-05
1846,1.3967e-05
1847,1.05761e-05
1848,1.20036e-05
1849,1.17457e-05
1850,1.32673e-05
1851,1.35661e-05
1852,1.35681e-05
1853,1.22431e-05
1854,1.2711e-05
1855,1.32516e-05
1856,1.30364e-05
1857,1.57356e-05
1858,1.5653e-05
1859,1.54512e-05
1860,1.56285e-05
1861,1.41754e-05
1862,1.55138e-05
1863,1.44257e-05
1864,1.47217e-05
1865,1.43194e-05
1866,1.66303e-05
1867,1.64801e-05
1868,1.59534e-05
1869,1.45236e-05
1870,1.45221e-05
1871,1.27833e-05
1872,1.37329e-05
1873,1.4778e-05
1874,1.36848e-05
1875,1.61327e-05
1876,1.50609e-05
1877,1.50902e-05
1878,1.5439e-05
1879,1.4541e-05
1880,1.26534e-05
1881,1.42564e-05
1882,1.52037e-05
1883,1.39035e-05
1884,1.42371e-05
1885,1.10678e-05
1886,1.11758e-05
1887,1.15862e-05
1888,1.02097e-05
1889,1.09524e-05
1890,1.06629e-05
1891,1.32939e-05
1892,1.51874e-05
1893,1.72411e-05
1894,1.12814e-05
1895,1.3838e-05
1896,1.40644e-05
1897,1.44061e-05
1898,1.54117e-05
1899,1.495e-05
1900,1.61722e-05
1901,1.58951e-05
1902,1.55301e-05
1903,1.31626e-05
1904,1.53134e-05
1905,1.59644e-05
1906,1.59591e-05
1907,1.48473e-05
1908,1.41805e-05
1909,1.39682e-05
1910,1.49393e-05
1911,1.50751e-05
1912,1.59372e-05
1913,1.35766e-05
1914,1.52822e-05
1915,1.5209e-05
1916,1.42719e-05
1917,1.38404e-05
1918,1.47156e-05
1919,1.73207e-05
1920,1.36462e-05
1921,1.14087e-05
1922,1.03957e-05
1923,1.36552e-05
1924,1.13604e-05
1925,1.38432e-05
1926,1.45892e-05
1927,1.40332e-05
1928,1.19417e-05
1929,1.2186e-05
1930,1.37125e-05
1931,1.4032e-05
1932,1.35848e-05
1933,1.00869e-05
1934,1.07696e-05
1935,1.41767e-05
1936,1.43375e-05
1937,1.04056e-05
1938,1.30146e-05
1939,1.31326e-05
1940,1.36068e-05
1941,1.32158e-05
1942,9.87631e-06
1943,1.55395e-05
1944,1.26493e-05
1945,1.45181e-05
1946,1.07893e-05
1947,1.30579e-05
1948,1.16472e-05
1949,1.22847e-05
1950,1.1726e-05
1951,1.20203e-05
1952,1.33427e-05
1953,1.09203e-05
1954,1.1857e-05
1955,1.04738e-05
1956,1.04977e-05
1957,1.09769e-05
1958,1.31413e-05
1959,1.23815e-05
1960,1.08415e-05
1961,1.18129e-05
1962,1.23042e-05
1963,1.36432e-05
1964,1.2106e-05
1965,1.29721e-05
1966,1.09255e-05
1967,1.19877e-05
1968,1.29374e-05
1969,1.03369e-05
1970,1.19837e-05
1971,1.25208e-05
1972,1.32624e-05
1973,1.22955e-05
1974,1.05477e-05
1975,9.52541e-06
1976,1.04731e-05
1977,1.1719e-05
1978,1.09221e-05
1979,1.11099e-05
1980,1.28577e-05
1981,1.30747e-05
1982,1.3232e-05
1983,1.12657e-05
1984,1.21413e-05
1985,1.25612e-05
1986,1.08894e-05
1987,1.45188e-05
1988,1.28993e-05
1989,1.25957e-05
1990,1.36635e-05
1991,1.44238e-05
1992,1.33854e-05
1993,1.44822e-05
1994,1.43276e-05
1995,1.60505e-05
1996,1.84059e-05
1997,1.63429e-05
1998,1.19496e-05
1999,1.15163e-05
2000,1.2925e-05
2001,1.53445e-05
2002,1.47217e-05
2003,1.04553e-05
2004,1.2833e-05
2005,1.44952e-05
2006,1.65713e-05
2007,1.43656e-05
2008,1.48178e-05
2009,1.57653e-05
2010,1.24055e-05
2011,1.13185e-05
2012,1.21722e-05
2013,1.39322e-05
2014,1.6022e-05
2015,1.30301e-05
2016,1.30656e-05
2017,1.24078e-05
2018,1.20063e-05
2019,1.12309e-05
2020,1.11478e-05
2021,1.11678e-05
2022,1.05393e-05
2023,1.05342e-05
2024,1.09781e-05
2025,1.0729e-05
2026,1.11352e-05
2027,1.23508e-05
2028,1.12309e-05
2029,1.08247e-05
2030,1.026e-05
2031,1.10714e-05
2032,1.00032e-05
2033,9.57937e-06
2034,1.08829e-05
2035,1.15196e-05
2036,1.12194e-05
2037,9.87023e-06
2038,1.07575e-05
2039,1.0352e-05
2040,9.80414e-06
2041,9.52177e-06
2042,1.08155e-05
2043,9.56712e-06
2044,1.06203e-05
2045,1.1271e-05
2046,1.05131e-05
2047,1.08161e-05
2048,9.99653e-06
2049,9.92387e-06
2050,1.00082e-05
2051,1.05567e-05
2052,1.00712e-05
2053,9.53854e-06
2054,1.06053e-05
2055,1.25858e-05
2056,1.05948e-05
2057,1.12717e-05
2058,1.35683e-05
2059,1.18492e-05
2060,1.84303e-05
2061,1.41498e-05
2062,1.28822e-05
2063,1.11058e-05
2064,1.10508e-05
2065,1.26456e-05
2066,1.20221e-05
2067,1.24341e-05
2068,1.324e-05
2069,1.15044e-05
2070,1.20697e-05
2071,1.20619e-05
2072,1.26791e-05
2073,1.33165e-05
2074,1.22285e-05
2075,1.34541e-05
2076,1.19698e-05
2077,1.32122e-05
2078,1.3784e-05
2079,1.1484e-05
2080,1.24679e-05
2081,1.27671e-05
2082,1.09521e-05
2083,1.09811e-05
2084,1.01674e-05
2085,1.01619e-05
2086,9.85573e-06
2087,1.14381e-05
2088,9.5658e-06
2089,9.80921e-06
2090,9.53993e-06
2091,9.59433e-06
2092,1.10603e-05
2093,9.3868e-06
2094,9.39821e-06
2095,9.34143e-06
2096,9.06777e-06
2097,1.05379e-05
2098,8.36698e-06
2099,1.10946e-05
2100,1.05512e-05
2101,8.85847e-06
2102,1.02047e-05
2103,8.88885e-06
2104,9.62173e-06
2105,9.56287e-06
2106,9.58315e-06
2107,8.626e-06
2108,9.89795e-06
2109,1.00484e-05
2110,8.7625e-06
2111,8.73612e-06
2112,9.1502e-06
2113,1.02871e-05
2114,1.12708e-05
2115,9.05296e-06
2116,8.90259e-06
2117,1.21782e-05
2118,1.07573e-05
2119,9.13459e-06
2120,8.16016e-06
2121,8.92367e-06
2122,9.17841e-06
2123,9.14468e-06
2124,9.29555e-06
2125,9.80042e-06
2126,1.00073e-05
2127,1.15626e-05
2128,1.06774e-05
2129,9.98435e-06
2130,9.46492e-06
2131,8.32627e-06
2132,9.81546e-06
2133,8.66324e-06
2134,1.0576e-05
2135,9.29892e-06
2136,9.54974e-06
2137,1.01762e-05
2138,1.07625e-05
2139,9.42109e-06
2140,1.00233e-05
2141,9.46038e-06
2142,1.11686e-05
2143,9.72485e-06
2144,1.01023e-05
2145,9.5896e-06
2146,9.47541e-06
2147,1.04904e-05
2148,9.81013e-06
2149,9.70517e-06
2150,1.16354e-05
2151,1.10186e-05
2152,9.78261e-06
2153,9.82492e-06
2154,1.05228e-05
2155,1.16175e-05
2156,1.21291e-05
2157,1.15556e-05
2158,1.19568e-05
2159,1.09693e-05
2160,1.05885e-05
2161,9.91431e-06
2162,1.0539e-05
2163,1.16857e-05
2164,1.42095e-05
2165,1.21691e-05
2166,1.12688e-05
2167,1.38092e-05
2168,1.22582e-05
2169,1.4542e-05
2170,1.59645e-05
2171,1.12766e-05
2172,1.19005e-05
2173,1.17587e-05
2174,1.29599e-05
2175,1.15949e-05
2176,1.35596e-05
2177,1.51783e-05
2178,1.53055e-05
2179,1.01429e-05
2180,1.02159e-05
2181,9.54638e-06
2182,1.0444e-05
2183,9.61745e-06
2184,8.68673e-06
2185,1.04649e-05
2186,9.54034e-06
2187,8.47269e-06
2188,8.21517e-06
2189,7.93982e-06
2190,8.31603e-06
2191,9.53786e-06
2192,9.86537e-06
2193,1.01249e-05
2194,1.00846e-05
2195,8.429e-06
2196,1.13352e-05
2197,8.0697e-06
2198,8.72962e-06
2199,9.70609e-06
2200,9.79145e-06
2201,9.29004e-06
2202,9.2718e-06
2203,8.52927e-06
2204,1.07217e-05
2205,9.71628e-06
2206,9.33027e-06
2207,8.93434e-06
2208,1.00882e-05
2209,9.06786e-06
2210,9.09603e-06
2211,9.11417e-06
2212,1.04101e-05
2213,1.25728e-05
2214,9.74671e-06
2215,9.75028e-06
2216,9.60566e-06
2217,8.2651e-06
2218,8.49378e-06
2219,8.75624e-06
2220,1.24073e-05
2221,1.10127e-05
2222,9.68931e-06
2223,9.05125e-06
2224,7.54268e-06
2225,8.27563e-06
2226,9.60064e-06
2227,8.33691e-06
2228,8.46256e-06
2229,1.00986e-05
2230,1.01986e-05
2231,9.82872e-06
2232,1.00391e-05
2233,8.24193e-06
2234,7.90114e-06
2235,7.91691e-06
2236,8.5743e-06
2237,1.10073e-05
2238,1.21754e-05
2239,9.8472e-06
2240,8.58671e-06
2241,9.3689e-06
2242,9.82714e-06
2243,8.16174e-06
2244,8.93042e-06
2245,9.48618e-06
2246,1.06203e-05
2247,8.49466e-06
2248,7.43948e-06
2249,9.35216e-06
2250,8.6207e-06
2251,8.78083e-06
2252,9.15439e-06
2253,8.51463e-06
2254,7.83734e-06
2255,7.74669e-06
2256,8.27155e-06
2257,9.17382e-06
2258,8.11077e-06
2259,7.93466e-06
2260,8.60789e-06
2261,8.31697e-06
2262,9.69438e-06
2263,1.00644e-05
2264,9.48826e-06
2265,1.00171e-05
2266,9.80472e-06
2267,9.94515e-06
2268,9.72206e-06
2269,1.02763e-05
2270,9.96612e-06
2271,1.05499e-05
2272,1.39473e-05
2273,1.3599e-05
2274,1.46236e-05
2275,1.38617e-05
2276,1.5091e-05
2277,1.5841e-05
2278,1.65323e-05
2279,1.56807e-05
2280,1.4476e-05
2281,1.4284e-05
2282,1.56779e-05
2283,1.43559e-05
2284,1.47415e-05
2285,1.4939e-05
2286,1.49894e-05
2287,1.43777e-05
2288,1.45153e-05
2289,1.60335e-05
2290,1.50786e-05
2291,1.59068e-05
2292,1.52231e-05
2293,1.47975e-05
2294,1.39945e-05
2295,1.39589e-05
2296,1.42046e-05
2297,1.49818e-05
2298,1.50477e-05
2299,1.45438e-05
2300,1.51353e-05
2301,1.52748e-05
2302,1.33125e-05
2303,1.19801e-05
2304,1.27423e-05
2305,1.17369e-05
2306,1.0728e-05
2307,1.0513e-05
2308,1.0434e-05
2309,8.72306e-06
2310,8.61745e-06
2311,9.19525e-06
2312,7.77471e-06
2313,8.74844e-06
2314,9.96312e-06
2315,8.71583e-06
2316,8.79573e-06
2317,1.32545e-05
2318,9.20162e-06
2319,9.15662e-06
2320,1.04829e-05
2321,1.13721e-05
2322,1.00765e-05
2323,9.74668e-06
2324,1.03983e-05
2325,1.04209e-05
2326,1.03703e-05
2327,1.26714e-05
2328,1.18015e-05
2329,1.36266e-05
2330,1.43311e-05
2331,1.30125e-05
2332,1.53462e-05
2333,1.53078e-05
2334,1.36761e-05
2335,1.33301e-05
2336,1.28018e-05
2337,1.26993e-05
2338,1.2967e-05
2339,1.73324e-05
2340,1.3091e-05
2341,1.47121e-05
2342,1.10647e-05
2343,1.25696e-05
2344,1.39036e-05
2345,1.34215e-05
2346,1.43691e-05
2347,1.25018e-05
2348,1.28277e-05
2349,1.0354e-05
2350,1.18145e-05
2351,8.63509e-06
2352,1.06791e-05
2353,1.25503e-05
2354,1.23157e-05
2355,1.35605e-05
2356,1.34914e-05
2357,1.12861e-05
2358,9.35441e-06
2359,1.13406e-05
2360,1.3292e-05
2361,1.16884e-05
2362,1.19391e-05
2363,1.10791e-05
2364,8.82855e-06
2365,1.06583e-05
2366,1.10565e-05
2367,1.04053e-05
2368,1.01896e-05
2369,9.19051e-06
2370,1.0531e-05
2371,1.06048e-05
2372,1.06081e-05
2373,9.40702e-06
2374,9.59222e-06
2375,9.57351e-06
2376,1.05071e-05
2377,1.13885e-05
2378,1.1469e-05
2379,1.42158e-05
2380,1.46137e-05
2381,1.35523e-05
2382,1.44261e-05
2383,1.35544e-05
2384,1.32492e-05
2385,1.30273e-05
2386,1.33403e-05
2387,1.42917e-05
2388,1.60245e-05
2389,1.34764e-05
2390,1.2721e-05
2391,1.20708e-05
2392,1.30117e-05
2393,1.42508e-05
2394,1.435e-05
2395,1.34033e-05
2396,1.42786e-05
2397,1.47404e-05
2398,1.06832e-05
2399,1.36467e-05
2400,1.02596e-05
2401,8.76101e-06
2402,9.81412e-06
2403,1.20223e-05
2404,1.07799e-05
2405,8.68475e-06
2406,9.38607e-06
2407,1.1859e-05
2408,1.13969e-05
2409,8.61381e-06
2410,1.07389e-05
2411,8.62317e-06
2412,9.9125e-06
2413,1.00311e-05
2414,1.2084e-05
2415,9.65434e-06
2416,9.69568e-06
2417,1.15083e-05
2418,9.66104e-06
2419,1.05165e-05
2420,8.67464e-06
2421,8.89741e-06
2422,1.21201e-05
2423,1.0698e-05
2424,1.02696e-05
2425,1.22919e-05
2426,1.13594e-05
2427,1.1316e-05
2428,9.50944e-06
2429,1.02186e-05
2430,9.91172e-06
2431,1.13712e-05
2432,1.1005e-05
2433,1.10768e-05
2434,1.08244e-05
2435,9.93062e-06
2436,1.04276e-05
2437,1.06077e-05
2438,1.05655e-05
2439,9.64431e-06
2440,1.06859e-05
2441,1.06272e-05
2442,1.02175e-05
2443,9.38866e-06
2444,9.61185e-06
2445,9.43556e-06
2446,8.34024e-06
2447,9.84467e-06
2448,1.06593e-05
2449,9.54366e-06
2450,9.93846e-06
2451,1.08446e-05
2452,1.18387e-05
2453,8.59349e-06
2454,1.05233e-05
2455,1.06903e-05
2456,7.48439e-06
2457,9.19586e-06
2458,9.05461e-06
2459,9.17838e-06
2460,9.38682e-06
2461,8.08316e-06
2462,7.51838e-06
2463,1.04552e-05
2464,9.36045e-06
2465,7.60122e-06
2466,7.66515e-06
2467,8.69616e-06
2468,7.57985e-06
2469,9.6798e-06
2470,1.00437e-05
2471,8.65824e-06
2472,9.02998e-06
2473,1.0995e-05
2474,8.22596e-06
2475,8.83003e-06
2476,1.01542e-05
2477,9.04209e-06
2478,8.4051e-06
2479,8.68086e-06
2480,8.55232e-06
2481,7.98142e-06
2482,8.21008e-06
2483,8.57604e-06
2484,9.15474e-06
2485,7.69579e-06
2486,8.87165e-06
2487,8.64587e-06
2488,9.11888e-06
2489,8.35512e-06
2490,7.4291e-06
2491,8.11099e-06
2492,8.72341e-06
2493,8.97764e-06
2494,7.39932e-06
2495,7.28439e-06
2496,8.94781e-06
2497,9.81584e-06
2498,9.85309e-06
2499,8.476e-06
2500,1.04676e-05
2501,9.40264e-06
2502,9.18822e-06
2503,1.02719e-05
2504,1.03101e-05
2505,8.81951e-06
2506,1.01444e-05
2507,9.72152e-06
2508,9.96335e-06
2509,8.66147e-06
2510,9.22487e-06
2511,8.55064e-06
2512,8.36017e-06
2513,9.14166e-06
2514,9.67949e-06
2515,8.46803e-06
2516,7.81787e-06
2517,8.28867e-06
2518,8.4552e-06
2519,9.03523e-06
2520,9.52654e-06
2521,8.34478e-06
2522,8.33871e-06
2523,7.97126e-06
2524,8.98544e-06
2525,9.31833e-06
2526,8.80859e-06
2527,1.00022e-05
2528,9.52051e-06
2529,9.36619e-06
2530,8.19847e-06
2531,9.86583e-06
2532,9.28633e-06
2533,1.172e-05
2534,9.87577e-06
2535,9.28976e-06
2536,8.04365e-06
2537,8.40269e-06
2538,8.89709e-06
2539,1.14977e-05
2540,1.01313e-05
2541,9.96149e-06
2542,9.83845e-06
2543,9.0271e-06
2544,1.09323e-05
2545,1.15467e-05
2546,1.22666e-05
2547,1.09786e-05
2548,1.19958e-05
2549,1.18327e-05
2550,1.33425e-05
2551,1.4762e-05
2552,1.45996e-05
2553,1.61519e-05
2554,1.57647e-05
2555,1.5177e-05
2556,1.64373e-05
2557,1.64151e-05
2558,1.63765e-05
2559,1.60533e-05
2560,1.61844e-05
2561,1.72267e-05
2562,1.57869e-05
2563,1.7301e-05
2564,1.687e-05
2565,1.51691e-05
2566,1.56068e-05
2567,1.52548e-05
2568,1.57119e-05
2569,1.60057e-05
2570,1.69307e-05
2571,1.69956e-05
2572,1.57036e-05
2573,1.66236e-05
2574,1.67709e-05
2575,1.73258e-05
2576,1.67977e-05
2577,1.5914e-05
2578,1.62743e-05
2579,1.5827e-05
2580,1.63033e-05
2581,1.66265e-05
2582,1.65907e-05
2583,1.56926e-05
2584,1.55231e-05
2585,1.43487e-05
2586,1.40658e-05
2587,1.51565e-05
2588,1.22878e-05
2589,1.05274e-05
2590,1.04006e-05
2591,1.04107e-05
2592,1.04877e-05
2593,9.65874e-06
2594,1.02134e-05
2595,1.07483e-05
2596,1.07736e-05
2597,1.115e-05
2598,9.6142e-06
2599,1.1141e-05
2600,1.01736e-05
2601,1.18804e-05
2602,1.44554e-05
2603,1.24992e-05
2604,1.20267e-05
2605,1.25809e-05
2606,9.97986e-06
2607,9.81249e-06
2608,1.03599e-05
2609,9.95145e-06
2610,9.72086e-06
2611,1.0905e-05
2612,9.44113e-06
2613,8.55736e-06
2614,8.45553e-06
2615,7.53877e-06
2616,7.89601e-06
2617,7.78896e-06
2618,7.57773e-06
2619,8.52925e-06
2620,8.19813e-06
2621,8.42762e-06
2622,7.66344e-06
2623,8.85767e-06
2624,9.25866e-06
2625,9.03516e-06
2626,1.17446e-05
2627,1.04358e-05
2628,1.24228e-05
2629,1.05255e-05
2630,1.24241e-05
2631,1.09535e-05
2632,8.83901e-06
2633,7.94945e-06
2634,8.40298e-06
2635,9.3748e-06
2636,8.42126e-06
2637,9.12687e-06
2638,9.36589e-06
2639,1.05227e-05
2640,1.21986e-05
2641,1.05796e-05
2642,7.88606e-06
2643,7.92356e-06
2644,7.66484e-06
2645,9.02438e-06
2646,1.01013e-05
2647,1.15216e-05
2648,8.76354e-06
2649,1.02084e-05
2650,8.93355e-06
2651,7.82455e-06
2652,8.95335e-06
2653,9.47774e-06
2654,8.41685e-06
2655,9.3568e-06
2656,8.88932e-06
2657,8.6993e-06
2658,8.7817e-06
2659,7.96301e-06
2660,8.24479e-06
2661,8.26105e-06
2662,7.5137e-06
2663,7.03476e-06
2664,7.77482e-06
2665,7.6505e-06
2666,9.20858e-06
2667,8.8553e-06
2668,7.8275e-06
2669,8.2328e-06
2670,8.11544e-06
2671,7.9379e-06
2672,7.51205e-06
2673,7.61426e-06
2674,8.34287e-06
2675,9.66235e-06
2676,8.10328e-06
2677,7.8534e-06
2678,7.15835e-06
2679,7.91124e-06
2680,8.8706e-06
2681,8.47086e-06
2682,7.91479e-06
2683,8.12677e-06
2684,8.4448e-06
2685,8.45566e-06
2686,7.69574e-06
2687,8.42379e-06
2688,7.93949e-06
2689,7.09596e-06
2690,6.86319e-06
2691,7.80309e-06
2692,7.51008e-06
2693,7.77679e-06
2694,8.19322e-06
2695,7.98497e-06
2696,7.15882e-06
2697,7.51417e-06
2698,7.61034e-06
2699,6.95584e-06
2700,8.96165e-06
2701,9.0295e-06
2702,8.17028e-06
2703,7.98288e-06
2704,8.44129e-06
2705,9.82827e-06
2706,8.80104e-06
2707,9.7857e-06
2708,9.29572e-06
2709,9.23393e-06
2710,1.01372e-05
2711,1.30494e-05
2712,1.50781e-05
2713,1.5256e-05
2714,1.48322e-05
2715,1.57445e-05
2716,1.60091e-05
2717,1.56598e-05
2718,1.59205e-05
2719,1.58132e-05
2720,1.40922e-05
2721,1.50603e-05
2722,1.59528e-05
2723,1.49378e-05
2724,1.61422e-05
2725,1.59825e-05
2726,1.63422e-05
2727,1.71896e-05
2728,1.58343e-05
2729,1.58936e-05
2730,1.56159e-05
2731,1.63439e-05
2732,1.59865e-05
2733,1.74247e-05
2734,1.67249e-05
2735,1.61702e-05
2736,1.53666e-05
2737,1.69084e-05
2738,1.65289e-05
2739,1.63884e-05
2740,1.54453e-05
2741,1.30426e-05
2742,1.25952e-05
2743,1.30458e-05
2744,1.29742e-05
2745,1.2993e-05
2746,1.28851e-05
2747,1.21259e-05
2748,1.16373e-05
2749,1.21488e-05
2750,1.0076e-05
2751,1.24751e-05
2752,1.1074e-05
2753,1.10855e-05
2754,1.12504e-05
2755,1.07048e-05
2756,1.02493e-05
2757,1.10139e-05
2758,1.13132e-05
2759,1.25256e-05
2760,1.19868e-05
2761,1.11222e-05
2762,1.16599e-05
2763,1.14159e-05
2764,1.11065e-05
2765,1.11298e-05
2766,1.16821e-05
2767,1.06195e-05
2768,1.07314e-05
2769,9.01235e-06
2770,8.85296e-06
2771,8.73954e-06
2772,9.24779e-06
2773,9.51234e-06
2774,1.02524e-05
2775,1.42611e-05
2776,1.22323e-05
2777,9.12879e-06
2778,7.9829e-06
2779,9.67006e-06
2780,9.15551e-06
2781,9.18133e-06
2782,9.22453e-06
2783,9.44556e-06
2784,1.08235e-05
2785,1.26179e-05
2786,1.35026e-05
2787,1.30842e-05
2788,1.20814e-05
2789,1.27688e-05
2790,1.28121e-05
2791,1.30225e-05
2792,1.29962e-05
2793,1.29922e-05
2794,1.30261e-05
2795,1.19158e-05
2796,1.1076e-05
2797,1.00157e-05
2798,9.53945e-06
2799,1.21255e-05
2800,1.10161e-05
2801,9.47137e-06
2802,8.76661e-06
2803,1.09072e-05
2804,1.26662e-05
2805,1.09965e-05
2806,9.79432e-06
2807,1.11539e-05
2808,7.77688e-06
2809,9.43671e-06
2810,1.17981e-05
2811,1.04474e-05
2812,1.0813e-05
2813,1.00284e-05
2814,7.48303e-06
2815,7.2706e-06
2816,8.24954e-06
2817,1.11138e-05
2818,8.78617e-06
2819,8.68989e-06
2820,7.01784e-06
2821,7.08258e-06
2822,6.56446e-06
2823,6.94092e-06
2824,6.39539e-06
2825,7.01758e-06
2826,7.31571e-06
2827,7.45573e-06
2828,6.76294e-06
2829,7.42631e-06
2830,7.08088e-06
2831,6.95597e-06
2832,7.5498e-06
2833,9.29229e-06
2834,8.01712e-06
2835,8.1622e-06
2836,7.68733e-06
2837,7.82508e-06
2838,8.46389e-06
2839,8.49218e-06
2840,7.73393e-06
2841,7.39237e-06
2842,8.16555e-06
2843,8.62121e-06
2844,7.97299e-06
2845,7.69033e-06
2846,7.24798e-06
2847,7.63052e-06
2848,8.202e-06
2849,7.84023e-06
2850,7.51998e-06
2851,7.1978e-06
2852,6.94161e-06
2853,7.95715e-06
2854,8.72847e-06
2855,7.81534e-06
2856,7.96979e-06
2857,8.53544e-06
2858,8.55087e-06
2859,8.21009e-06
2860,8.21424e-06
2861,7.81957e-06
2862,8.07205e-06
2863,8.30875e-06
2864,9.20413e-06
2865,9.77444e-06
2866,8.91584e-06
2867,8.04053e-06
2868,7.71578e-06
2869,7.73959e-06
2870,7.5285e-06
2871,8.12989e-06
2872,7.47105e-06
2873,7.64298e-06
2874,7.13149e-06
2875,6.94204e-06
2876,7.54198e-06
2877,7.96496e-06
2878,7.79315e-06
2879,7.62914e-06
2880,7.50416e-06
2881,7.70868e-06
2882,8.16644e-06
2883,9.01966e-06
2884,7.77243e-06
2885,8.23082e-06
2886,8.50887e-06
2887,8.3371e-06
2888,8.03978e-06
2889,7.84347e-06
2890,8.17593e-06
2891,8.36877e-06
2892,8.60397e-06
2893,8.32739e-06
2894,7.75076e-06
2895,8.43186e-06
2896,8.08772e-06
2897,7.68165e-06
2898,7.74395e-06
2899,7.75256e-06
2900,8.69875e-06
2901,8.47122e-06
2902,7.30735e-06
2903,7.3728e-06
2904,7.72446e-06
2905,7.72277e-06
2906,8.77304e-06
2907,9.60473e-06
2908,9.86393e-06
2909,8.67159e-06
2910,9.0535e-06
2911,1.09739e-05
2912,1.06301e-05
2913,9.57179e-06
2914,1.19232e-05
2915,1.13627e-05
2916,1.25228e-05
2917,1.03031e-05
2918,8.2836e-06
2919,8.44371e-06
2920,8.54651e-06
2921,7.75261e-06
2922,6.87699e-06
2923,6.87702e-06
2924,6.92683e-06
2925,8.02844e-06
2926,6.81464e-06
2927,6.66662e-06
2928,6.76655e-06
2929,7.64655e-06
2930,7.52928e-06
2931,8.14319e-06
2932,8.33184e-06
2933,7.16983e-06
2934,6.60975e-06
2935,6.47402e-06
2936,6.21867e-06
2937,6.1603e-06
2938,6.86267e-06
2939,7.13941e-06
2940,7.67676e-06
2941,7.61731e-06
2942,8.25888e-06
2943,7.33289e-06
2944,8.06308e-06
2945,9.15562e-06
2946,6.7105e-06
2947,6.99256e-06
2948,7.84826e-06
2949,8.20393e-06
2950,7.11478e-06
2951,7.04787e-06
2952,6.83133e-06
2953,7.05613e-06
2954,7.48193e-06
2955,8.03935e-06
2956,8.24105e-06
2957,8.83311e-06
2958,9.47369e-06
2959,9.22887e-06
2960,9.54716e-06
2961,9.244e-06
2962,9.21084e-06
2963,9.45197e-06
2964,9.44933e-06
2965,9.6712e-06
2966,9.78261e-06
2967,9.53596e-06
2968,1.03675e-05
2969,1.08498e-05
2970,1.11807e-05
2971,1.15169e-05
2972,1.14387e-05
2973,1.11062e-05
2974,1.12367e-05
2975,1.25756e-05
2976,1.12327e-05
2977,1.19056e-05
2978,1.07664e-05
2979,1.12478e-05
2980,1.16795e-05
2981,1.19124e-05
2982,1.17608e-05
2983,1.10259e-05
2984,1.13362e-05
2985,1.08796e-05
2986,1.29471e-05
2987,1.53185e-05
2988,1.63291e-05
2989,1.64937e-05
2990,1.76655e-05
2991,1.7629e-05
2992,1.56218e-05
2993,1.00152e-05
2994,8.64156e-06
2995,7.5812e-06
2996,7.17188e-06
2997,6.90487e-06
2998,6.79209e-06
2999,7.37288e-06
3000,6.79008e-06
3001,6.964e-06
3002,6.9033e-06
3003,7.11679e-06
3004,7.2881e-06
3005,7.75481e-06
3006,7.68894e-06
3007,7.22765e-06
3008,7.56052e-06
3009,8.54666e-06
3010,9.68496e-06
3011,8.87039e-06
3012,7.06368e-06
3013,6.78748e-06
3014,8.37414e-06
3015,8.27362e-06
3016,7.75507e-06
3017,7.16224e-06
3018,7.09809e-06
3019,7.23551e-06
3020,7.76697e-06
3021,8.00713e-06
3022,7.99188e-06
3023,8.72813e-06
3024,9.51484e-06
3025,1.10706e-05
3026,1.25477e-05
3027,1.3937e-05
3028,1.43414e-05
3029,1.33791e-05
3030,1.33112e-05
3031,1.1881e-05
3032,1.17672e-05
3033,1.13489e-05
3034,1.06893e-05
3035,1.0364e-05
3036,1.22418e-05
3037,1.1791e-05
3038,1.0072e-05
3039,1.15467e-05
3040,1.19579e-05
3041,1.23239e-05
3042,1.20764e-05
3043,1.16846e-05
3044,1.14591e-05
3045,1.00906e-05
3046,1.01328e-05
3047,9.91345e-06
3048,8.94063e-06
3049,9.43424e-06
3050,9.41387e-06
3051,8.4628e-06
3052,1.01819e-05
3053,1.00824e-05
3054,1.0077e-05
3055,8.93655e-06
3056,8.55624e-06
3057,1.01497e-05
3058,1.16473e-05
3059,9.95569e-06
3060,7.43761e-06
3061,6.91269e-06
3062,7.32106e-06
3063,7.53462e-06
3064,6.88537e-06
3065,6.72989e-06
3066,6.69385e-06
3067,7.15722e-06
3068,7.56214e-06
3069,7.22724e-06
3070,7.21236e-06
3071,7.14369e-06
3072,7.62274e-06
3073,6.86191e-06
3074,6.87439e-06
3075,7.40169e-06
3076,8.58599e-06
3077,9.57769e-06
3078,1.03595e-05
3079,1.08313e-05
3080,1.10964e-05
3081,1.22653e-05
3082,1.22527e-05
3083,1.17326e-05
3084,1.09184e-05
3085,1.11368e-05
3086,1.07137e-05
3087,1.01875e-05
3088,9.55698e-06
3089,9.53028e-06
3090,9.52218e-06
3091,9.17253e-06
3092,8.42105e-06
3093,8.01686e-06
3094,7.99341e-06
3095,8.32252e-06
3096,8.76166e-06
3097,8.99419e-06
3098,9.31371e-06
3099,8.75908e-06
3100,8.5699e-06
3101,8.50708e-06
3102,8.67951e-06
3103,7.51426e-06
3104,6.05471e-06
3105,6.68363e-06
3106,8.03152e-06
3107,8.49397e-06
3108,8.19257e-06
3109,8.21115e-06
3110,7.61805e-06
3111,7.68494e-06
3112,8.64059e-06
3113,9.43193e-06
3114,9.74798e-06
3115,7.59262e-06
3116,7.3098e-06
3117,6.62693e-06
3118,9.09146e-06
3119,6.14626e-06
3120,6.51124e-06
3121,7.21821e-06
3122,8.40813e-06
3123,7.20366e-06
3124,7.53437e-06
3125,8.3778e-06
3126,8.10751e-06
3127,7.32424e-06
3128,7.30772e-06
3129,7.69954e-06
3130,7.34907e-06
3131,8.44205e-06
3132,7.99731e-06
3133,8.16407e-06
3134,8.20108e-06
3135,8.07572e-06
3136,8.99534e-06
3137,9.6005e-06
3138,9.72152e-06
3139,1.1405e-05
3140,1.29699e-05
3141,1.10462e-05
3142,1.0192e-05
3143,9.46515e-06
3144,7.88534e-06
3145,7.52582e-06
3146,8.08476e-06
3147,7.89011e-06
3148,7.73861e-06
3149,7.85524e-06
3150,7.4867e-06
3151,7.22631e-06
3152,7.05373e-06
3153,6.47343e-06
3154,6.21527e-06
3155,6.4178e-06
3156,6.40163e-06
3157,6.67432e-06
3158,7.29372e-06
3159,7.24e-06
3160,7.51684e-06
3161,7.22538e-06
3162,7.03146e-06
3163,7.33861e-06
3164,8.31675e-06
3165,8.18817e-06